node_id,file
100000000,umkc_lsc_malone_photos-470.tif
100000001,umkc_lsc_malone_photos-469.tif
100000002,umkc_lsc_malone_photos-468.tif
100000003,umkc_lsc_malone_photos-467.tif
100000004,umkc_lsc_malone_photos-466.tif
100000005,umkc_lsc_malone_photos-465.tif
100000006,umkc_lsc_malone_photos-464.tif
100000007,umkc_lsc_malone_photos-463.tif
100000008,umkc_lsc_malone_photos-462.tif
100000009,umkc_lsc_malone_photos-461.tif
100000010,umkc_lsc_malone_photos-460.tif
100000011,umkc_lsc_malone_photos-459.tif
100000012,umkc_lsc_malone_photos-458.tif
100000013,umkc_lsc_malone_photos-457.tif
100000014,umkc_lsc_malone_photos-456.tif
100000015,umkc_lsc_malone_photos-455.tif
100000016,umkc_lsc_malone_photos-454.tif
100000017,umkc_lsc_malone_photos-453.tif
100000018,umkc_lsc_malone_photos-452.tif
100000019,umkc_lsc_malone_photos-451.tif
100000020,umkc_lsc_malone_photos-450.tif
100000021,umkc_lsc_malone_photos-449.tif
100000022,umkc_lsc_malone_photos-448.tif
100000023,umkc_lsc_malone_photos-447.tif
100000024,umkc_lsc_malone_photos-446.tif
100000025,umkc_lsc_malone_photos-445.tif
100000026,umkc_lsc_malone_photos-444.tif
100000027,umkc_lsc_malone_photos-443.tif
100000028,umkc_lsc_malone_photos-442.tif
100000029,umkc_lsc_malone_photos-441.tif
100000030,umkc_lsc_malone_photos-440.tif
100000031,umkc_lsc_malone_photos-439.tif
100000032,umkc_lsc_malone_photos-438.tif
100000033,umkc_lsc_malone_photos-437.tif
100000034,umkc_lsc_malone_photos-436.tif
100000035,umkc_lsc_malone_photos-435.tif
100000036,umkc_lsc_malone_photos-434.tif
100000037,umkc_lsc_malone_photos-433.tif
100000038,umkc_lsc_malone_photos-432.tif
100000039,umkc_lsc_malone_photos-431.tif
100000040,umkc_lsc_malone_photos-430.tif
100000041,umkc_lsc_malone_photos-429.tif
100000042,umkc_lsc_malone_photos-427.tif
100000043,umkc_lsc_malone_photos-426.tif
100000044,umkc_lsc_malone_photos-425.tif
100000045,umkc_lsc_malone_photos-424.tif
100000046,umkc_lsc_malone_photos-423.tif
100000047,umkc_lsc_malone_photos-422.tif
100000048,umkc_lsc_malone_photos-421.tif
100000049,umkc_lsc_malone_photos-420.tif
100000050,umkc_lsc_malone_photos-419.tif
100000051,umkc_lsc_malone_photos-418.tif
100000052,umkc_lsc_malone_photos-417.tif
100000053,umkc_lsc_malone_photos-416.tif
100000054,umkc_lsc_malone_photos-415.tif
100000055,umkc_lsc_malone_photos-414.tif
100000056,umkc_lsc_malone_photos-413.tif
100000057,umkc_lsc_malone_photos-412.tif
100000058,umkc_lsc_malone_photos-411.tif
100000059,umkc_lsc_malone_photos-410.tif
100000060,umkc_lsc_malone_photos-409.tif
100000061,umkc_lsc_malone_photos-408.tif
100000062,umkc_lsc_malone_photos-407.tif
100000063,umkc_lsc_malone_photos-406.tif
100000064,umkc_lsc_malone_photos-405.tif
100000065,umkc_lsc_malone_photos-404.tif
100000066,umkc_lsc_malone_photos-403.tif
100000067,umkc_lsc_malone_photos-402.tif
100000068,umkc_lsc_malone_photos-401.tif
100000069,umkc_lsc_malone_photos-400.tif
100000070,umkc_lsc_malone_photos-399.tif
100000071,umkc_lsc_malone_photos-398.tif
100000072,umkc_lsc_malone_photos-397.tif
100000073,umkc_lsc_malone_photos-396.tif
100000074,umkc_lsc_malone_photos-395.tif
100000075,umkc_lsc_malone_photos-394.tif
100000076,umkc_lsc_malone_photos-393.tif
100000077,umkc_lsc_malone_photos-392.tif
100000078,umkc_lsc_malone_photos-391.tif
100000079,umkc_lsc_malone_photos-390.tif
100000080,umkc_lsc_malone_photos-389.tif
100000081,umkc_lsc_malone_photos-388.tif
100000082,umkc_lsc_malone_photos-387.tif
100000083,umkc_lsc_malone_photos-386.tif
100000084,umkc_lsc_malone_photos-385.tif
100000085,umkc_lsc_malone_photos-384.tif
100000086,umkc_lsc_malone_photos-383.tif
100000087,umkc_lsc_malone_photos-382.tif
100000088,umkc_lsc_malone_photos-381.tif
100000089,umkc_lsc_malone_photos-380.tif
100000090,umkc_lsc_malone_photos-379.tif
100000091,umkc_lsc_malone_photos-378.tif
100000092,umkc_lsc_malone_photos-377.tif
100000093,umkc_lsc_malone_photos-376.tif
100000094,umkc_lsc_malone_photos-375.tif
100000095,umkc_lsc_malone_photos-374.tif
100000096,umkc_lsc_malone_photos-373.tif
100000097,umkc_lsc_malone_photos-372.tif
100000098,umkc_lsc_malone_photos-371.tif
100000099,umkc_lsc_malone_photos-370.tif
100000100,umkc_lsc_malone_photos-369.tif
100000101,umkc_lsc_malone_photos-368.tif
100000102,umkc_lsc_malone_photos-367.tif
100000103,umkc_lsc_malone_photos-366.tif
100000104,umkc_lsc_malone_photos-365.tif
100000105,umkc_lsc_malone_photos-364.tif
100000106,umkc_lsc_malone_photos-363.tif
100000107,umkc_lsc_malone_photos-362.tif
100000108,umkc_lsc_malone_photos-361.tif
100000109,umkc_lsc_malone_photos-360.tif
100000110,umkc_lsc_malone_photos-359.tif
100000111,umkc_lsc_malone_photos-358.tif
100000112,umkc_lsc_malone_photos-357.tif
100000113,umkc_lsc_malone_photos-356.tif
100000114,umkc_lsc_malone_photos-355.tif
100000115,umkc_lsc_malone_photos-354.tif
100000116,umkc_lsc_malone_photos-353.tif
100000117,umkc_lsc_malone_photos-352.tif
100000118,umkc_lsc_malone_photos-351.tif
100000119,umkc_lsc_malone_photos-350.tif
100000120,umkc_lsc_malone_photos-349.tif
100000121,umkc_lsc_malone_photos-348.tif
100000122,umkc_lsc_malone_photos-347.tif
100000123,umkc_lsc_malone_photos-346.tif
100000124,umkc_lsc_malone_photos-345.tif
100000125,umkc_lsc_malone_photos-344.tif
100000126,umkc_lsc_malone_photos-343.tif
100000127,umkc_lsc_malone_photos-342.tif
100000128,umkc_lsc_malone_photos-341.tif
100000129,umkc_lsc_malone_photos-340.tif
100000130,umkc_lsc_malone_photos-335.tif
100000131,umkc_lsc_malone_photos-334.tif
100000132,umkc_lsc_malone_photos-333.tif
100000133,umkc_lsc_malone_photos-332.tif
100000134,umkc_lsc_malone_photos-331.tif
100000135,umkc_lsc_malone_photos-330.tif
100000136,umkc_lsc_malone_photos-329.tif
100000137,umkc_lsc_malone_photos-328.tif
100000138,umkc_lsc_malone_photos-327.tif
100000139,umkc_lsc_malone_photos-326.tif
100000140,umkc_lsc_malone_photos-325.tif
100000141,umkc_lsc_malone_photos-324.tif
100000142,umkc_lsc_malone_photos-323.tif
100000143,umkc_lsc_malone_photos-322.tif
100000144,umkc_lsc_malone_photos-321.tif
100000145,umkc_lsc_malone_photos-320.tif
100000146,umkc_lsc_malone_photos-319.tif
100000147,umkc_lsc_malone_photos-318.tif
100000148,umkc_lsc_malone_photos-317.tif
100000149,umkc_lsc_malone_photos-316.tif
100000150,umkc_lsc_malone_photos-315.tif
100000151,umkc_lsc_malone_photos-314.tif
100000152,umkc_lsc_malone_photos-313.tif
100000153,umkc_lsc_malone_photos-312.tif
100000154,umkc_lsc_malone_photos-311.tif
100000155,umkc_lsc_malone_photos-310.tif
100000156,umkc_lsc_malone_photos-309.tif
100000157,umkc_lsc_malone_photos-308.tif
100000158,umkc_lsc_malone_photos-307.tif
100000159,umkc_lsc_malone_photos-306.tif
100000160,umkc_lsc_malone_photos-305.tif
100000161,umkc_lsc_malone_photos-304.tif
100000162,umkc_lsc_malone_photos-303.tif
100000163,umkc_lsc_malone_photos-302.tif
100000164,umkc_lsc_malone_photos-301.tif
100000165,umkc_lsc_malone_photos-275.tif
100000166,umkc_lsc_malone_photos-274.tif
100000167,umkc_lsc_malone_photos-273.tif
100000168,umkc_lsc_malone_photos-272.tif
100000169,umkc_lsc_malone_photos-271.tif
100000170,umkc_lsc_malone_photos-270.tif
100000171,umkc_lsc_malone_photos-269.tif
100000172,umkc_lsc_malone_photos-268.tif
100000173,umkc_lsc_malone_photos-267.tif
100000174,umkc_lsc_malone_photos-266.tif
100000175,umkc_lsc_malone_photos-265.tif
100000176,umkc_lsc_malone_photos-264.tif
100000177,umkc_lsc_malone_photos-263.tif
100000178,umkc_lsc_malone_photos-262.tif
100000179,umkc_lsc_malone_photos-261.tif
100000180,umkc_lsc_malone_photos-260.tif
100000181,umkc_lsc_malone_photos-259.tif
100000182,umkc_lsc_malone_photos-258.tif
100000183,umkc_lsc_malone_photos-257.tif
100000184,umkc_lsc_malone_photos-256.tif
100000185,umkc_lsc_malone_photos-255.tif
100000186,umkc_lsc_malone_photos-254.tif
100000187,umkc_lsc_malone_photos-253.tif
100000188,umkc_lsc_malone_photos-252.tif
100000189,umkc_lsc_malone_photos-251.tif
100000190,umkc_lsc_malone_photos-300.tif
100000191,umkc_lsc_malone_photos-299.tif
100000192,umkc_lsc_malone_photos-298.tif
100000193,umkc_lsc_malone_photos-297.tif
100000194,umkc_lsc_malone_photos-296.tif
100000195,umkc_lsc_malone_photos-295.tif
100000196,umkc_lsc_malone_photos-294.tif
100000197,umkc_lsc_malone_photos-293.tif
100000198,umkc_lsc_malone_photos-292.tif
100000199,umkc_lsc_malone_photos-291.tif
100000200,umkc_lsc_malone_photos-290.tif
100000201,umkc_lsc_malone_photos-289.tif
100000202,umkc_lsc_malone_photos-288.tif
100000203,umkc_lsc_malone_photos-287.tif
100000204,umkc_lsc_malone_photos-286.tif
100000205,umkc_lsc_malone_photos-285.tif
100000206,umkc_lsc_malone_photos-284.tif
100000207,umkc_lsc_malone_photos-283.tif
100000208,umkc_lsc_malone_photos-282.tif
100000209,umkc_lsc_malone_photos-281.tif
100000210,umkc_lsc_malone_photos-280.tif
100000211,umkc_lsc_malone_photos-279.tif
100000212,umkc_lsc_malone_photos-278.tif
100000213,umkc_lsc_malone_photos-277.tif
100000214,umkc_lsc_malone_photos-276.tif
100000215,umkc_lsc_malone_photos-250.tif
100000216,umkc_lsc_malone_photos-249.tif
100000217,umkc_lsc_malone_photos-248.tif
100000218,umkc_lsc_malone_photos-247.tif
100000219,umkc_lsc_malone_photos-246.tif
100000220,umkc_lsc_malone_photos-245.tif
100000221,umkc_lsc_malone_photos-244.tif
100000222,umkc_lsc_malone_photos-243.tif
100000223,umkc_lsc_malone_photos-242.tif
100000224,umkc_lsc_malone_photos-241.tif
100000225,umkc_lsc_malone_photos-240.tif
100000226,umkc_lsc_malone_photos-238.tif
100000227,umkc_lsc_malone_photos-237.tif
100000228,umkc_lsc_malone_photos-236.tif
100000229,umkc_lsc_malone_photos-235.tif
100000230,umkc_lsc_malone_photos-234.tif
100000231,umkc_lsc_malone_photos-233.tif
100000232,umkc_lsc_malone_photos-232.tif
100000233,umkc_lsc_malone_photos-231.tif
100000234,umkc_lsc_malone_photos-230.tif
100000235,umkc_lsc_malone_photos-229.tif
100000236,umkc_lsc_malone_photos-228.tif
100000237,umkc_lsc_malone_photos-227.tif
100000238,umkc_lsc_malone_photos-226.tif
100000239,umkc_lsc_malone_photos-225.tif
100000240,umkc_lsc_malone_photos-224.tif
100000241,umkc_lsc_malone_photos-223.tif
100000242,umkc_lsc_malone_photos-222.tif
100000243,umkc_lsc_malone_photos-221.tif
100000244,umkc_lsc_malone_photos-220.tif
100000245,umkc_lsc_malone_photos-219.tif
100000246,umkc_lsc_malone_photos-218.tif
100000247,umkc_lsc_malone_photos-217.tif
100000248,umkc_lsc_malone_photos-216.tif
100000249,umkc_lsc_malone_photos-215.tif
100000250,umkc_lsc_malone_photos-214.tif
100000251,umkc_lsc_malone_photos-213.tif
100000252,umkc_lsc_malone_photos-212.tif
100000253,umkc_lsc_malone_photos-211.tif
100000254,umkc_lsc_malone_photos-210.tif
100000255,umkc_lsc_malone_photos-209.tif
100000256,umkc_lsc_malone_photos-208.tif
100000257,umkc_lsc_malone_photos-207.tif
100000258,umkc_lsc_malone_photos-206.tif
100000259,umkc_lsc_malone_photos-205.tif
100000260,umkc_lsc_malone_photos-204.tif
100000261,umkc_lsc_malone_photos-203.tif
100000262,umkc_lsc_malone_photos-202.tif
100000263,umkc_lsc_malone_photos-201.tif
100000264,umkc_lsc_malone_photos-200.tif
100000265,umkc_lsc_malone_photos-199.tif
100000266,umkc_lsc_malone_photos-198.tif
100000267,umkc_lsc_malone_photos-197.tif
100000268,umkc_lsc_malone_photos-196.tif
100000269,umkc_lsc_malone_photos-195.tif
100000270,umkc_lsc_malone_photos-194.tif
100000271,umkc_lsc_malone_photos-193.tif
100000272,umkc_lsc_malone_photos-192.tif
100000273,umkc_lsc_malone_photos-191.tif
100000274,umkc_lsc_malone_photos-190.tif
100000275,umkc_lsc_malone_photos-189.tif
100000276,umkc_lsc_malone_photos-185.tif
100000277,umkc_lsc_malone_photos-184.tif
100000278,umkc_lsc_malone_photos-183.tif
100000279,umkc_lsc_malone_photos-182.tif
100000280,umkc_lsc_malone_photos-181.tif
100000281,umkc_lsc_malone_photos-180.tif
100000282,umkc_lsc_malone_photos-179.tif
100000283,umkc_lsc_malone_photos-178.tif
100000284,umkc_lsc_malone_photos-177.tif
100000285,umkc_lsc_malone_photos-176.tif
100000286,umkc_lsc_malone_photos-175.tif
100000287,umkc_lsc_malone_photos-174.tif
100000288,umkc_lsc_malone_photos-173.tif
100000289,umkc_lsc_malone_photos-172.tif
100000290,umkc_lsc_malone_photos-171.tif
100000291,umkc_lsc_malone_photos-170.tif
100000292,umkc_lsc_malone_photos-169.tif
100000293,umkc_lsc_malone_photos-168.tif
100000294,umkc_lsc_malone_photos-167.tif
100000295,umkc_lsc_malone_photos-166.tif
100000296,umkc_lsc_malone_photos-165.tif
100000297,umkc_lsc_malone_photos-164.tif
100000298,umkc_lsc_malone_photos-163.tif
100000299,umkc_lsc_malone_photos-162.tif
100000300,umkc_lsc_malone_photos-161.tif
100000301,umkc_lsc_malone_photos-160.tif
100000302,umkc_lsc_malone_photos-159.tif
100000303,umkc_lsc_malone_photos-158.tif
100000304,umkc_lsc_malone_photos-157.tif
100000305,umkc_lsc_malone_photos-156.tif
100000306,umkc_lsc_malone_photos-155.tif
100000307,umkc_lsc_malone_photos-154.tif
100000308,umkc_lsc_malone_photos-153.tif
100000309,umkc_lsc_malone_photos-152.tif
100000310,umkc_lsc_malone_photos-151.tif
100000311,umkc_lsc_malone_photos-150.tif
100000312,umkc_lsc_malone_photos-149.tif
100000313,umkc_lsc_malone_photos-148.tif
100000314,umkc_lsc_malone_photos-147.tif
100000315,umkc_lsc_malone_photos-146.tif
100000316,umkc_lsc_malone_photos-145.tif
100000317,umkc_lsc_malone_photos-144.tif
100000318,umkc_lsc_malone_photos-143.tif
100000319,umkc_lsc_malone_photos-142.tif
100000320,umkc_lsc_malone_photos-141.tif
100000321,umkc_lsc_malone_photos-140.tif
100000322,umkc_lsc_malone_photos-139.tif
100000323,umkc_lsc_malone_photos-138.tif
100000324,umkc_lsc_malone_photos-137.tif
100000325,umkc_lsc_malone_photos-136.tif
100000326,umkc_lsc_malone_photos-135.tif
100000327,umkc_lsc_malone_photos-134.tif
100000328,umkc_lsc_malone_photos-133.tif
100000329,umkc_lsc_malone_photos-131.tif
100000330,umkc_lsc_malone_photos-130.tif
100000331,umkc_lsc_malone_photos-129.tif
100000332,umkc_lsc_malone_photos-128.tif
100000333,umkc_lsc_malone_photos-127.tif
100000334,umkc_lsc_malone_photos-126.tif
100000335,umkc_lsc_malone_photos-125.tif
100000336,umkc_lsc_malone_photos-124.tif
100000337,umkc_lsc_malone_photos-122.tif
100000338,umkc_lsc_malone_photos-121.tif
100000339,umkc_lsc_malone_photos-120.tif
100000340,umkc_lsc_malone_photos-119.tif
100000341,umkc_lsc_malone_photos-118.tif
100000342,umkc_lsc_malone_photos-117.tif
100000343,umkc_lsc_malone_photos-116.tif
100000344,umkc_lsc_malone_photos-115.tif
100000345,umkc_lsc_malone_photos-114.tif
100000346,umkc_lsc_malone_photos-113.tif
100000347,umkc_lsc_malone_photos-112.tif
100000348,umkc_lsc_malone_photos-111.tif
100000349,umkc_lsc_malone_photos-110.tif
100000350,umkc_lsc_malone_photos-109.tif
100000351,umkc_lsc_malone_photos-108.tif
100000352,umkc_lsc_malone_photos-107.tif
100000353,umkc_lsc_malone_photos-106.tif
100000354,umkc_lsc_malone_photos-105.tif
100000355,umkc_lsc_malone_photos-104.tif
100000356,umkc_lsc_malone_photos-103.tif
100000357,umkc_lsc_malone_photos-102.tif
100000358,umkc_lsc_malone_photos-101.tif
100000359,umkc_lsc_malone_photos-100.tif
100000360,umkc_lsc_malone_photos-099.tif
100000361,umkc_lsc_malone_photos-098.tif
100000362,umkc_lsc_malone_photos-097.tif
100000363,umkc_lsc_malone_photos-096.tif
100000364,umkc_lsc_malone_photos-095.tif
100000365,umkc_lsc_malone_photos-094.tif
100000366,umkc_lsc_malone_photos-093.tif
100000367,umkc_lsc_malone_photos-092.tif
100000368,umkc_lsc_malone_photos-091.tif
100000369,umkc_lsc_malone_photos-090.tif
100000370,umkc_lsc_malone_photos-089.tif
100000371,umkc_lsc_malone_photos-088.tif
100000372,umkc_lsc_malone_photos-087.tif
100000373,umkc_lsc_malone_photos-086.tif
100000374,umkc_lsc_malone_photos-085.tif
100000375,umkc_lsc_malone_photos-084.tif
100000376,umkc_lsc_malone_photos-083.tif
100000377,umkc_lsc_malone_photos-082.tif
100000378,umkc_lsc_malone_photos-081.tif
100000379,umkc_lsc_malone_photos-080.tif
100000380,umkc_lsc_malone_photos-079.tif
100000381,umkc_lsc_malone_photos-078.tif
100000382,umkc_lsc_malone_photos-077.tif
100000383,umkc_lsc_malone_photos-076.tif
100000384,umkc_lsc_malone_photos-075.tif
100000385,umkc_lsc_malone_photos-074.tif
100000386,umkc_lsc_malone_photos-073.tif
100000387,umkc_lsc_malone_photos-072.tif
100000388,umkc_lsc_malone_photos-071.tif
100000389,umkc_lsc_malone_photos-070.tif
100000390,umkc_lsc_malone_photos-069.tif
100000391,umkc_lsc_malone_photos-068.tif
100000392,umkc_lsc_malone_photos-067.tif
100000393,umkc_lsc_malone_photos-066.tif
100000394,umkc_lsc_malone_photos-065.tif
100000395,umkc_lsc_malone_photos-064.tif
100000396,umkc_lsc_malone_photos-063.tif
100000397,umkc_lsc_malone_photos-062.tif
100000398,umkc_lsc_malone_photos-061.tif
100000399,umkc_lsc_malone_photos-060.tif
100000400,umkc_lsc_malone_photos-059.tif
100000401,umkc_lsc_malone_photos-058.tif
100000402,umkc_lsc_malone_photos-057_a.tif
100000403,umkc_lsc_malone_photos-057.tif
100000404,umkc_lsc_malone_photos-056.tif
100000405,umkc_lsc_malone_photos-055.tif
100000406,umkc_lsc_malone_photos-054.tif
100000407,umkc_lsc_malone_photos-053.tif
100000408,umkc_lsc_malone_photos-052.tif
100000409,umkc_lsc_malone_photos-051.tif
100000410,umkc_lsc_malone_photos-050.tif
100000411,umkc_lsc_malone_photos-049.tif
100000412,umkc_lsc_malone_photos-048.tif
100000413,umkc_lsc_malone_photos-047.tif
100000414,umkc_lsc_malone_photos-046.tif
100000415,umkc_lsc_malone_photos-045.tif
100000416,umkc_lsc_malone_photos-044.tif
100000417,umkc_lsc_malone_photos-043.tif
100000418,umkc_lsc_malone_photos-042.tif
100000419,umkc_lsc_malone_photos-041.tif
100000420,umkc_lsc_malone_photos-040.tif
100000421,umkc_lsc_malone_photos-039.tif
100000422,umkc_lsc_malone_photos-038.tif
100000423,umkc_lsc_malone_photos-037.tif
100000424,umkc_lsc_malone_photos-036.tif
100000425,umkc_lsc_malone_photos-035.tif
100000426,umkc_lsc_malone_photos-034.tif
100000427,umkc_lsc_malone_photos-033.tif
100000428,umkc_lsc_malone_photos-032.tif
100000429,umkc_lsc_malone_photos-031.tif
100000430,umkc_lsc_malone_photos-030.tif
100000431,umkc_lsc_malone_photos-029.tif
100000432,umkc_lsc_malone_photos-028.tif
100000433,umkc_lsc_malone_photos-027.tif
100000434,umkc_lsc_malone_photos-026.tif
100000435,umkc_lsc_malone_photos-025.tif
100000436,umkc_lsc_malone_photos-024.tif
100000437,umkc_lsc_malone_photos-023.tif
100000438,umkc_lsc_malone_photos-022.tif
100000439,umkc_lsc_malone_photos-021.tif
100000440,umkc_lsc_malone_photos-020.tif
100000441,umkc_lsc_malone_photos-019.tif
100000442,umkc_lsc_malone_photos-018.tif
100000443,umkc_lsc_malone_photos-017.tif
100000444,umkc_lsc_malone_photos-016.tif
100000445,umkc_lsc_malone_photos-015.tif
100000446,umkc_lsc_malone_photos-014.tif
100000447,umkc_lsc_malone_photos-013.tif
100000448,umkc_lsc_malone_photos-012_a.tif
100000449,umkc_lsc_malone_photos-012.tif
100000450,umkc_lsc_malone_photos-011.tif
100000451,umkc_lsc_malone_photos-010.tif
100000452,umkc_lsc_malone_photos-009.tif
100000453,umkc_lsc_malone_photos-008.tif
100000454,umkc_lsc_malone_photos-007.tif
100000455,umkc_lsc_malone_photos-006.tif
100000456,umkc_lsc_malone_photos-005.tif
100000457,umkc_lsc_malone_photos-004.tif
100000458,umkc_lsc_malone_photos-003.tif
100000459,umkc_lsc_malone_photos-002.tif
100000460,umkc_lsc_malone_photos-001.tif
